-- FUTBOL
INSERT INTO usuario (id, nombre, nombre_usuario, email, contraseña, dni, fecha_nacimiento, rol) VALUES
(3, 'Jugador Futbol 1', 'jugador1', 'f1@mail.com', 'pass', '11111111A', '1990-01-01', 'JUGADOR'),
(4, 'Jugador Futbol 2', 'jugador2', 'f2@mail.com', 'pass', '22222222B', '1990-01-02', 'JUGADOR'),
(5, 'Jugador Futbol 3', 'jugador3', 'f3@mail.com', 'pass', '33333333C', '1990-01-03', 'JUGADOR'),
(6, 'Jugador Futbol 4', 'jugador4', 'f4@mail.com', 'pass', '44444444D', '1990-01-04', 'JUGADOR'),
(7, 'Jugador Futbol 5', 'jugador5', 'f5@mail.com', 'pass', '55555555E', '1990-01-05', 'JUGADOR'),
(8, 'Jugador Futbol 6', 'jugador6', 'f6@mail.com', 'pass', '66666666F', '1990-01-06', 'JUGADOR'),
(9, 'Jugador Futbol 7', 'jugador7', 'f7@mail.com', 'pass', '77777777G', '1990-01-07', 'JUGADOR'),
(10, 'Jugador Futbol 8', 'jugador8', 'f8@mail.com', 'pass', '88888888H', '1990-01-08', 'JUGADOR'),
(11, 'Jugador Futbol 9', 'jugador9', 'f9@mail.com', 'pass', '99999999I', '1990-01-09', 'JUGADOR'),
(12, 'Jugador Futbol 10', 'jugador10', 'f10@mail.com', 'pass', '10101010J', '1990-01-10', 'JUGADOR'),
(13, 'Jugador Futbol 11', 'jugador11', 'f11@mail.com', 'pass', '11111112K', '1990-01-11', 'JUGADOR'),
(14, 'Jugador Futbol 12', 'jugador12', 'f12@mail.com', 'pass', '12121212L', '1990-01-12', 'JUGADOR'),
(15, 'Jugador Futbol 13', 'jugador13', 'f13@mail.com', 'pass', '13131313M', '1990-01-13', 'JUGADOR'),
(16, 'Jugador Futbol 14', 'jugador14', 'f14@mail.com', 'pass', '14141414N', '1990-01-14', 'JUGADOR'),
(17, 'Jugador Futbol 15', 'jugador15', 'f15@mail.com', 'pass', '15151515O', '1990-01-15', 'JUGADOR'),
(18, 'Jugador Futbol 16', 'jugador16', 'f16@mail.com', 'pass', '16161616P', '1990-01-16', 'JUGADOR'),
(19, 'Jugador Futbol 17', 'jugador17', 'f17@mail.com', 'pass', '17171717Q', '1990-01-17', 'JUGADOR'),
(20, 'Jugador Futbol 18', 'jugador18', 'f18@mail.com', 'pass', '18181818R', '1990-01-18', 'JUGADOR'),
(21, 'Jugador Futbol 19', 'jugador19', 'f19@mail.com', 'pass', '19191919S', '1990-01-19', 'JUGADOR'),
(22, 'Jugador Futbol 20', 'jugador20', 'f20@mail.com', 'pass', '20202020T', '1990-01-20', 'JUGADOR'),
(23, 'Jugador Futbol 21', 'jugador21', 'f21@mail.com', 'pass', '21212121U', '1990-01-21', 'JUGADOR'),
(24, 'Jugador Futbol 22', 'jugador22', 'f22@mail.com', 'pass', '22222223V', '1990-01-22', 'JUGADOR'),
(25, 'Jugador Futbol 23', 'jugador23', 'f23@mail.com', 'pass', '23232323W', '1990-01-23', 'JUGADOR'),
(26, 'Jugador Futbol 24', 'jugador24', 'f24@mail.com', 'pass', '24242424X', '1990-01-24', 'JUGADOR'),
(27, 'Jugador Futbol 25', 'jugador25', 'f25@mail.com', 'pass', '25252525Y', '1990-01-25', 'JUGADOR'),
(28, 'Jugador Futbol 26', 'jugador26', 'f26@mail.com', 'pass', '26262626Z', '1990-01-26', 'JUGADOR'),
(29, 'Jugador Futbol 27', 'jugador27', 'f27@mail.com', 'pass', '27272727A', '1990-01-27', 'JUGADOR'),
(30, 'Jugador Futbol 28', 'jugador28', 'f28@mail.com', 'pass', '28282828B', '1990-01-28', 'JUGADOR'),
(31, 'Jugador Futbol 29', 'jugador29', 'f29@mail.com', 'pass', '29292929C', '1990-01-29', 'JUGADOR'),
(32, 'Jugador Futbol 30', 'jugador30', 'f30@mail.com', 'pass', '30303030D', '1990-01-30', 'JUGADOR'),
(33, 'Jugador Futbol 31', 'jugador31', 'f31@mail.com', 'pass', '31313131E', '1990-02-01', 'JUGADOR'),
(34, 'Jugador Futbol 32', 'jugador32', 'f32@mail.com', 'pass', '32323232F', '1990-02-02', 'JUGADOR'),
(35, 'Jugador Futbol 33', 'jugador33', 'f33@mail.com', 'pass', '33333334G', '1990-02-03', 'JUGADOR'),
(36, 'Jugador Futbol 34', 'jugador34', 'f34@mail.com', 'pass', '34343434H', '1990-02-04', 'JUGADOR'),
(37, 'Jugador Futbol 35', 'jugador35', 'f35@mail.com', 'pass', '35353535I', '1990-02-05', 'JUGADOR'),
(38, 'Jugador Futbol 36', 'jugador36', 'f36@mail.com', 'pass', '36363636J', '1990-02-06', 'JUGADOR'),
(39, 'Jugador Futbol 37', 'jugador37', 'f37@mail.com', 'pass', '37373737K', '1990-02-07', 'JUGADOR'),
(40, 'Jugador Futbol 38', 'jugador38', 'f38@mail.com', 'pass', '38383838L', '1990-02-08', 'JUGADOR'),
(41, 'Jugador Futbol 39', 'jugador39', 'f39@mail.com', 'pass', '39393939M', '1990-02-09', 'JUGADOR'),
(42, 'Jugador Futbol 40', 'jugador40', 'f40@mail.com', 'pass', '40404040N', '1990-02-10', 'JUGADOR'),
(43, 'Jugador Futbol 41', 'jugador41', 'f41@mail.com', 'pass', '41414141O', '1990-02-11', 'JUGADOR'),
(44, 'Jugador Futbol 42', 'jugador42', 'f42@mail.com', 'pass', '42424242P', '1990-02-12', 'JUGADOR'),
(45, 'Jugador Futbol 43', 'jugador43', 'f43@mail.com', 'pass', '43434343Q', '1990-02-13', 'JUGADOR'),
(46, 'Jugador Futbol 44', 'jugador44', 'f44@mail.com', 'pass', '44444445R', '1990-02-14', 'JUGADOR'),
(47, 'Jugador Futbol 45', 'jugador45', 'f45@mail.com', 'pass', '45454545S', '1990-02-15', 'JUGADOR'),
(48, 'Jugador Futbol 46', 'jugador46', 'f46@mail.com', 'pass', '46464646T', '1990-02-16', 'JUGADOR'),
(49, 'Jugador Futbol 47', 'jugador47', 'f47@mail.com', 'pass', '47474747U', '1990-02-17', 'JUGADOR'),
(50, 'Jugador Futbol 48', 'jugador48', 'f48@mail.com', 'pass', '48484848V', '1990-02-18', 'JUGADOR'),
(51, 'Jugador Futbol 49', 'jugador49', 'f49@mail.com', 'pass', '49494949W', '1990-02-19', 'JUGADOR'),
(52, 'Jugador Futbol 50', 'jugador50', 'f50@mail.com', 'pass', '50505050X', '1990-02-20', 'JUGADOR'),
(53, 'Jugador Futbol 51', 'jugador51', 'f51@mail.com', 'pass', '51515151Y', '1990-02-21', 'JUGADOR'),
(54, 'Jugador Futbol 52', 'jugador52', 'f52@mail.com', 'pass', '52525252Z', '1990-02-22', 'JUGADOR'),
(55, 'Jugador Futbol 53', 'jugador53', 'f53@mail.com', 'pass', '53535353A', '1990-02-23', 'JUGADOR'),
(56, 'Jugador Futbol 54', 'jugador54', 'f54@mail.com', 'pass', '54545454B', '1990-02-24', 'JUGADOR'),
(57, 'Jugador Futbol 55', 'jugador55', 'f55@mail.com', 'pass', '55555556C', '1990-02-25', 'JUGADOR'),
(58, 'Jugador Futbol 56', 'jugador56', 'f56@mail.com', 'pass', '56565656D', '1990-02-26', 'JUGADOR'),
(59, 'Jugador Futbol 57', 'jugador57', 'f57@mail.com', 'pass', '57575757E', '1990-02-27', 'JUGADOR'),
(60, 'Jugador Futbol 58', 'jugador58', 'f58@mail.com', 'pass', '58585858F', '1990-02-28', 'JUGADOR'),
(61, 'Jugador Futbol 59', 'jugador59', 'f59@mail.com', 'pass', '59595959G', '1990-03-01', 'JUGADOR'),
(62, 'Jugador Futbol 60', 'jugador60', 'f60@mail.com', 'pass', '60606060H', '1990-03-02', 'JUGADOR'),
(63, 'Jugador Futbol 61', 'jugador61', 'f61@mail.com', 'pass', '61616161I', '1990-03-03', 'JUGADOR'),
(64, 'Jugador Futbol 62', 'jugador62', 'f62@mail.com', 'pass', '62626262J', '1990-03-04', 'JUGADOR'),
(65, 'Jugador Futbol 63', 'jugador63', 'f63@mail.com', 'pass', '63636363K', '1990-03-05', 'JUGADOR'),
(66, 'Jugador Futbol 64', 'jugador64', 'f64@mail.com', 'pass', '64646464L', '1990-03-06', 'JUGADOR'),
(67, 'Jugador Futbol 65', 'jugador65', 'f65@mail.com', 'pass', '65656565M', '1990-03-07', 'JUGADOR'),
(68, 'Jugador Futbol 66', 'jugador66', 'f66@mail.com', 'pass', '66666667N', '1990-03-08', 'JUGADOR'),
(69, 'Jugador Futbol 67', 'jugador67', 'f67@mail.com', 'pass', '67676767O', '1990-03-09', 'JUGADOR'),
(70, 'Jugador Futbol 68', 'jugador68', 'f68@mail.com', 'pass', '68686868P', '1990-03-10', 'JUGADOR'),
(71, 'Jugador Futbol 69', 'jugador69', 'f69@mail.com', 'pass', '69696969Q', '1990-03-11', 'JUGADOR'),
(72, 'Jugador Futbol 70', 'jugador70', 'f70@mail.com', 'pass', '70707070R', '1990-03-12', 'JUGADOR'),
(73, 'Jugador Futbol 71', 'jugador71', 'f71@mail.com', 'pass', '71717171S', '1990-03-13', 'JUGADOR'),
(74, 'Jugador Futbol 72', 'jugador72', 'f72@mail.com', 'pass', '72727272T', '1990-03-14', 'JUGADOR'),
(75, 'Jugador Futbol 73', 'jugador73', 'f73@mail.com', 'pass', '73737373U', '1990-03-15', 'JUGADOR'),
(76, 'Jugador Futbol 74', 'jugador74', 'f74@mail.com', 'pass', '74747474V', '1990-03-16', 'JUGADOR'),
(77, 'Jugador Futbol 75', 'jugador75', 'f75@mail.com', 'pass', '75757575W', '1990-03-17', 'JUGADOR'),
(78, 'Jugador Futbol 76', 'jugador76', 'f76@mail.com', 'pass', '76767676X', '1990-03-18', 'JUGADOR'),
(79, 'Jugador Futbol 77', 'jugador77', 'f77@mail.com', 'pass', '77777777Y', '1990-03-19', 'JUGADOR'),
(80, 'Jugador Futbol 78', 'jugador78', 'f78@mail.com', 'pass', '78787878Z', '1990-03-20', 'JUGADOR'),
(81, 'Jugador Futbol 79', 'jugador79', 'f79@mail.com', 'pass', '789898989A', '1990-03-21', 'JUGADOR'),
(82, 'Jugador Futbol 80', 'jugador80', 'f80@mail.com', 'pass', '808080808A', '1990-03-22', 'JUGADOR'),
(83, 'Jugador Futbol 81', 'jugador81', 'f81@mail.com', 'pass', '818181818B', '1990-03-23', 'JUGADOR'),
(84, 'Jugador Futbol 82', 'jugador82', 'f82@mail.com', 'pass', '828282828C', '1990-03-24', 'JUGADOR'),
(85, 'Jugador Futbol 83', 'jugador83', 'f83@mail.com', 'pass', '838383838D', '1990-03-25', 'JUGADOR'),
(86, 'Jugador Futbol 84', 'jugador84', 'f84@mail.com', 'pass', '848484848E', '1990-03-26', 'JUGADOR'),
(87, 'Jugador Futbol 85', 'jugador85', 'f85@mail.com', 'pass', '858585858F', '1990-03-27', 'JUGADOR'),
(88, 'Jugador Futbol 86', 'jugador86', 'f86@mail.com', 'pass', '868686868G', '1990-03-28', 'JUGADOR'),
(89, 'Jugador Futbol 87', 'jugador87', 'f87@mail.com', 'pass', '878787878H', '1990-03-29', 'JUGADOR'),
(90, 'Jugador Futbol 88', 'jugador88', 'f88@mail.com', 'pass', '888888888I', '1990-03-30', 'JUGADOR');

INSERT INTO equipo (id, nombre, fecha_creacion, tipo_equipo, deporte) VALUES
(1, 'Real Madrid FC', '2024-01-01', 'AMATEUR', 'FUTBOL'),
(2, 'Barcelona FC', '2024-01-01', 'AMATEUR', 'FUTBOL'),
(3, 'Atletico Madrid', '2024-01-02', 'AMATEUR', 'FUTBOL'),
(4, 'Sevilla FC', '2024-01-02', 'AMATEUR', 'FUTBOL'),
(5, 'Valencia CF', '2024-01-03', 'AMATEUR', 'FUTBOL'),
(6, 'Athletic Club', '2024-01-03', 'AMATEUR', 'FUTBOL'),
(7, 'Real Sociedad', '2024-01-04', 'AMATEUR', 'FUTBOL'),
(8, 'Villarreal CF', '2024-01-04', 'AMATEUR', 'FUTBOL');

INSERT INTO equipo_jugadores (equipo_id, jugadores_id) VALUES
(1, 3), (1, 4), (1, 5), (1, 6), (1, 7), (1, 8), (1, 9), (1, 10), (1, 11), (1, 12), (1, 13),
(2, 14), (2, 15), (2, 16), (2, 17), (2, 18), (2, 19), (2, 20), (2, 21), (2, 22), (2, 23), (2, 24),
(3, 25), (3, 26), (3, 27), (3, 28), (3, 29), (3, 30), (3, 31), (3, 32), (3, 33), (3, 34), (3, 35),
(4, 36), (4, 37), (4, 38), (4, 39), (4, 40), (4, 41), (4, 42), (4, 43), (4, 44), (4, 45), (4, 46),
(5, 47), (5, 48), (5, 49), (5, 50), (5, 51), (5, 52), (5, 53), (5, 54), (5, 55), (5, 56), (5, 57),
(6, 58), (6, 59), (6, 60), (6, 61), (6, 62), (6, 63), (6, 64), (6, 65), (6, 66), (6, 67), (6, 68),
(7, 69), (7, 70), (7, 71), (7, 72), (7, 73), (7, 74), (7, 75), (7, 76), (7, 77), (7, 78), (7, 79),
(8, 80), (8, 81), (8, 82), (8, 83), (8, 84), (8, 85), (8, 86), (8, 87), (8, 88), (8, 89), (8, 90);

-- BALONCESTO
INSERT INTO usuario (id, nombre, nombre_usuario, email, contraseña, dni, fecha_nacimiento, rol) VALUES
(91, 'Jugador Basket 1', 'jugador91', 'b1@mail.com', 'pass', '919191919A', '1990-04-01', 'JUGADOR'),
(92, 'Jugador Basket 2', 'jugador92', 'b2@mail.com', 'pass', '929292929B', '1990-04-02', 'JUGADOR'),
(93, 'Jugador Basket 3', 'jugador93', 'b3@mail.com', 'pass', '939393939C', '1990-04-03', 'JUGADOR'),
(94, 'Jugador Basket 4', 'jugador94', 'b4@mail.com', 'pass', '949494949D', '1990-04-04', 'JUGADOR'),
(95, 'Jugador Basket 5', 'jugador95', 'b5@mail.com', 'pass', '959595959E', '1990-04-05', 'JUGADOR'),
(96, 'Jugador Basket 6', 'jugador96', 'b6@mail.com', 'pass', '969696969F', '1990-04-06', 'JUGADOR'),
(97, 'Jugador Basket 7', 'jugador97', 'b7@mail.com', 'pass', '979797979G', '1990-04-07', 'JUGADOR'),
(98, 'Jugador Basket 8', 'jugador98', 'b8@mail.com', 'pass', '989898989H', '1990-04-08', 'JUGADOR'),
(99, 'Jugador Basket 9', 'jugador99', 'b9@mail.com', 'pass', '999999999I', '1990-04-09', 'JUGADOR'),
(100, 'Jugador Basket 10', 'jugador100', 'b10@mail.com', 'pass', '101010101J', '1990-04-10', 'JUGADOR'),
(101, 'Jugador Basket 11', 'jugador101', 'b11@mail.com', 'pass', '111111111K', '1990-04-11', 'JUGADOR'),
(102, 'Jugador Basket 12', 'jugador102', 'b12@mail.com', 'pass', '121212121L', '1990-04-12', 'JUGADOR'),
(103, 'Jugador Basket 13', 'jugador103', 'b13@mail.com', 'pass', '131313131M', '1990-04-13', 'JUGADOR'),
(104, 'Jugador Basket 14', 'jugador104', 'b14@mail.com', 'pass', '141414141N', '1990-04-14', 'JUGADOR'),
(105, 'Jugador Basket 15', 'jugador105', 'b15@mail.com', 'pass', '151515151O', '1990-04-15', 'JUGADOR'),
(106, 'Jugador Basket 16', 'jugador106', 'b16@mail.com', 'pass', '161616161P', '1990-04-16', 'JUGADOR'),
(107, 'Jugador Basket 17', 'jugador107', 'b17@mail.com', 'pass', '171717171Q', '1990-04-17', 'JUGADOR'),
(108, 'Jugador Basket 18', 'jugador108', 'b18@mail.com', 'pass', '181818181R', '1990-04-18', 'JUGADOR'),
(109, 'Jugador Basket 19', 'jugador109', 'b19@mail.com', 'pass', '191919191S', '1990-04-19', 'JUGADOR'),
(110, 'Jugador Basket 20', 'jugador110', 'b20@mail.com', 'pass', '202020202T', '1990-04-20', 'JUGADOR'),
(111, 'Jugador Basket 21', 'jugador111', 'b21@mail.com', 'pass', '212121212U', '1990-04-21', 'JUGADOR'),
(112, 'Jugador Basket 22', 'jugador112', 'b22@mail.com', 'pass', '222222222V', '1990-04-22', 'JUGADOR'),
(113, 'Jugador Basket 23', 'jugador113', 'b23@mail.com', 'pass', '232323232W', '1990-04-23', 'JUGADOR'),
(114, 'Jugador Basket 24', 'jugador114', 'b24@mail.com', 'pass', '242424242X', '1990-04-24', 'JUGADOR'),
(115, 'Jugador Basket 25', 'jugador115', 'b25@mail.com', 'pass', '252525252Y', '1990-04-25', 'JUGADOR'),
(116, 'Jugador Basket 26', 'jugador116', 'b26@mail.com', 'pass', '262626262Z', '1990-04-26', 'JUGADOR'),
(117, 'Jugador Basket 27', 'jugador117', 'b27@mail.com', 'pass', '272727272A', '1990-04-27', 'JUGADOR'),
(118, 'Jugador Basket 28', 'jugador118', 'b28@mail.com', 'pass', '282828282B', '1990-04-28', 'JUGADOR'),
(119, 'Jugador Basket 29', 'jugador119', 'b29@mail.com', 'pass', '292929292C', '1990-04-29', 'JUGADOR'),
(120, 'Jugador Basket 30', 'jugador120', 'b30@mail.com', 'pass', '303030303D', '1990-04-30', 'JUGADOR'),
(121, 'Jugador Basket 31', 'jugador121', 'b31@mail.com', 'pass', '313131313E', '1990-05-01', 'JUGADOR'),
(122, 'Jugador Basket 32', 'jugador122', 'b32@mail.com', 'pass', '323232323F', '1990-05-02', 'JUGADOR'),
(123, 'Jugador Basket 33', 'jugador123', 'b33@mail.com', 'pass', '333333333G', '1990-05-03', 'JUGADOR'),
(124, 'Jugador Basket 34', 'jugador124', 'b34@mail.com', 'pass', '343434343H', '1990-05-04', 'JUGADOR'),
(125, 'Jugador Basket 35', 'jugador125', 'b35@mail.com', 'pass', '353535353I', '1990-05-05', 'JUGADOR'),
(126, 'Jugador Basket 36', 'jugador126', 'b36@mail.com', 'pass', '363636363J', '1990-05-06', 'JUGADOR'),
(127, 'Jugador Basket 37', 'jugador127', 'b37@mail.com', 'pass', '373737373K', '1990-05-07', 'JUGADOR'),
(128, 'Jugador Basket 38', 'jugador128', 'b38@mail.com', 'pass', '383838383L', '1990-05-08', 'JUGADOR'),
(129, 'Jugador Basket 39', 'jugador129', 'b39@mail.com', 'pass', '393939393M', '1990-05-09', 'JUGADOR'),
(130, 'Jugador Basket 40', 'jugador130', 'b40@mail.com', 'pass', '404040404N', '1990-05-10', 'JUGADOR');

INSERT INTO equipo (id, nombre, fecha_creacion, tipo_equipo, deporte) VALUES
(9, 'Lakers', '2024-02-01', 'AMATEUR', 'BALONCESTO'),
(10, 'Bulls', '2024-02-01', 'AMATEUR', 'BALONCESTO'),
(11, 'Celtics', '2024-02-02', 'AMATEUR', 'BALONCESTO'),
(12, 'Heat', '2024-02-02', 'AMATEUR', 'BALONCESTO'),
(13, 'Warriors', '2024-02-03', 'AMATEUR', 'BALONCESTO'),
(14, 'Nets', '2024-02-03', 'AMATEUR', 'BALONCESTO'),
(15, 'Raptors', '2024-02-04', 'AMATEUR', 'BALONCESTO'),
(16, 'Spurs', '2024-02-04', 'AMATEUR', 'BALONCESTO');

INSERT INTO equipo_jugadores (equipo_id, jugadores_id) VALUES
(9, 91), (9, 92), (9, 93), (9, 94), (9, 95),
(10, 96), (10, 97), (10, 98), (10, 99), (10, 100),
(11, 101), (11, 102), (11, 103), (11, 104), (11, 105),
(12, 106), (12, 107), (12, 108), (12, 109), (12, 110),
(13, 111), (13, 112), (13, 113), (13, 114), (13, 115),
(14, 116), (14, 117), (14, 118), (14, 119), (14, 120),
(15, 121), (15, 122), (15, 123), (15, 124), (15, 125),
(16, 126), (16, 127), (16, 128), (16, 129), (16, 130);

-- TENIS
INSERT INTO usuario (id, nombre, nombre_usuario, email, contraseña, dni, fecha_nacimiento, rol) VALUES
(131, 'Jugador Tenis 1', 'jugador131', 't1@mail.com', 'pass', '111111111A', '1990-06-01', 'JUGADOR'),
(132, 'Jugador Tenis 2', 'jugador132', 't2@mail.com', 'pass', '222222222B', '1990-06-02', 'JUGADOR'),
(133, 'Jugador Tenis 3', 'jugador133', 't3@mail.com', 'pass', '333333333C', '1990-06-03', 'JUGADOR'),
(134, 'Jugador Tenis 4', 'jugador134', 't4@mail.com', 'pass', '444444444D', '1990-06-04', 'JUGADOR'),
(135, 'Jugador Tenis 5', 'jugador135', 't5@mail.com', 'pass', '555555555E', '1990-06-05', 'JUGADOR'),
(136, 'Jugador Tenis 6', 'jugador136', 't6@mail.com', 'pass', '666666666F', '1990-06-06', 'JUGADOR'),
(137, 'Jugador Tenis 7', 'jugador137', 't7@mail.com', 'pass', '777777777G', '1990-06-07', 'JUGADOR'),
(138, 'Jugador Tenis 8', 'jugador138', 't8@mail.com', 'pass', '888888888H', '1990-06-08', 'JUGADOR'),
(139, 'Jugador Tenis 9', 'jugador139', 't9@mail.com', 'pass', '999999999I', '1990-06-09', 'JUGADOR'),
(140, 'Jugador Tenis 10', 'jugador140', 't10@mail.com', 'pass', '101010101J', '1990-06-10', 'JUGADOR'),
(141, 'Jugador Tenis 11', 'jugador141', 't11@mail.com', 'pass', '111111111K', '1990-06-11', 'JUGADOR'),
(142, 'Jugador Tenis 12', 'jugador142', 't12@mail.com', 'pass', '121212121L', '1990-06-12', 'JUGADOR'),
(143, 'Jugador Tenis 13', 'jugador143', 't13@mail.com', 'pass', '131313131M', '1990-06-13', 'JUGADOR'),
(144, 'Jugador Tenis 14', 'jugador144', 't14@mail.com', 'pass', '141414141N', '1990-06-14', 'JUGADOR'),
(145, 'Jugador Tenis 15', 'jugador145', 't15@mail.com', 'pass', '151515151O', '1990-06-15', 'JUGADOR'),
(146, 'Jugador Tenis 16', 'jugador146', 't16@mail.com', 'pass', '161616161P', '1990-06-16', 'JUGADOR');

INSERT INTO equipo (id, nombre, fecha_creacion, tipo_equipo, deporte) VALUES
(17, 'Tenista 1', '2024-03-01', 'INDIVIDUAL', 'TENIS'),
(18, 'Tenista 2', '2024-03-01', 'INDIVIDUAL', 'TENIS'),
(19, 'Tenista 3', '2024-03-01', 'INDIVIDUAL', 'TENIS'),
(20, 'Tenista 4', '2024-03-01', 'INDIVIDUAL', 'TENIS'),
(21, 'Tenista 5', '2024-03-01', 'INDIVIDUAL', 'TENIS'),
(22, 'Tenista 6', '2024-03-01', 'INDIVIDUAL', 'TENIS'),
(23, 'Tenista 7', '2024-03-01', 'INDIVIDUAL', 'TENIS'),
(24, 'Tenista 8', '2024-03-01', 'INDIVIDUAL', 'TENIS');

INSERT INTO equipo_jugadores (equipo_id, jugadores_id) VALUES
(17, 131),
(18, 132),
(19, 133),
(20, 134),
(21, 135),
(22, 136),
(23, 137),
(24, 138);